PR Newswire,0.208234
test,0.208234
