weakness,-0.333219
sisters,0.469928
times,-0.254924
tenderness,0.768986
trust,0.40907
Brothers,0.469928
gaze,0.597714
patience,0.495924
loving gaze,0.738527
Peter,0.651749
Jesus,0.342789
mercy,0.495924
